<?xml version="1.0" encoding="UTF-8"?><rss version="2.0"
	xmlns:content="http://purl.org/rss/1.0/modules/content/"
	xmlns:dc="http://purl.org/dc/elements/1.1/"
	xmlns:atom="http://www.w3.org/2005/Atom"
	xmlns:sy="http://purl.org/rss/1.0/modules/syndication/"
	
	>
<channel>
	<title>
	Comments on: Quam Vulputate Dignissim Suspendisse Intellus	</title>
	<atom:link href="/quam-vulputate-dignissim-suspendisse-intellus/feed/" rel="self" type="application/rss+xml" />
	<link>/quam-vulputate-dignissim-suspendisse-intellus/</link>
	<description>domenicocesarano.com</description>
	<lastBuildDate>Tue, 15 Jun 2021 13:15:31 +0000</lastBuildDate>
	<sy:updatePeriod>
	hourly	</sy:updatePeriod>
	<sy:updateFrequency>
	1	</sy:updateFrequency>
	<generator>https://wordpress.org/?v=6.2.2</generator>
</channel>
</rss>
