<?xml version="1.0" encoding="UTF-8"?><rss version="2.0"
	xmlns:content="http://purl.org/rss/1.0/modules/content/"
	xmlns:wfw="http://wellformedweb.org/CommentAPI/"
	xmlns:dc="http://purl.org/dc/elements/1.1/"
	xmlns:atom="http://www.w3.org/2005/Atom"
	xmlns:sy="http://purl.org/rss/1.0/modules/syndication/"
	xmlns:slash="http://purl.org/rss/1.0/modules/slash/"
	>

<channel>
	<title>VFX &#8211; domenicocesarano.com</title>
	<atom:link href="/category/vfx/feed/" rel="self" type="application/rss+xml" />
	<link>/</link>
	<description>domenicocesarano.com</description>
	<lastBuildDate>Tue, 15 Jun 2021 13:15:31 +0000</lastBuildDate>
	<language>en-US</language>
	<sy:updatePeriod>
	hourly	</sy:updatePeriod>
	<sy:updateFrequency>
	1	</sy:updateFrequency>
	<generator>https://wordpress.org/?v=6.2.2</generator>
	<item>
		<title>Quam Vulputate Dignissim Suspendisse Intellus</title>
		<link>/quam-vulputate-dignissim-suspendisse-intellus/</link>
					<comments>/quam-vulputate-dignissim-suspendisse-intellus/#respond</comments>
		
		<dc:creator><![CDATA[domecesarano]]></dc:creator>
		<pubDate>Tue, 15 Jun 2021 13:15:31 +0000</pubDate>
				<category><![CDATA[VFX]]></category>
		<guid isPermaLink="false">https://demo.creativethemes.com/blocksy/persona/?p=757</guid>

					<description><![CDATA[Lorem ipsum dolor sit amet, consectetur adipiscing elit, sed do eiusmod tempor incididunt ut labore et dolore magna aliqua. Viverra nam libero justo laoreet sit amet cursus. Arcu risus quis varius quam quisque id diam vel quam. Feugiat nisl pretium fusce id velit ut tortor. Molestie at elementum eu facilisis sed odio. Integer malesuada nunc [&#8230;]]]></description>
										<content:encoded><![CDATA[
<p>Lorem ipsum dolor sit amet, consectetur adipiscing elit, sed do eiusmod tempor incididunt ut labore et dolore magna aliqua. Viverra nam libero justo laoreet sit amet cursus. Arcu risus quis varius quam quisque id diam vel quam. Feugiat nisl pretium fusce id velit ut tortor. Molestie at elementum eu facilisis sed odio. Integer malesuada nunc vel risus commodo viverra maecenas. Commodo nulla facilisi nullam vehicula ipsum a arcu cursus. Viverra aliquet eget sit amet. Varius sit amet mattis vulputate enim nulla aliquet porttitor. In arcu cursus euismod quis viverra nibh cras pulvinar mattis.</p>



<p>Ullamcorper malesuada proin libero nunc. Consectetur adipiscing elit pellentesque habitant morbi. Massa massa ultricies mi quis hendrerit dolor. Egestas fringilla phasellus faucibus scelerisque eleifend donec pretium vulputate sapien. Orci sagittis eu volutpat odio. Egestas pretium aenean pharetra magna. Dignissim enim sit amet venenatis urna cursus eget nunc. Eget mi proin sed libero. Libero enim sed faucibus turpis. Malesuada fames ac turpis egestas integer. Dignissim sodales ut eu sem integer vitae. Aliquet lectus proin nibh nisl condimentum id venenatis a. Pellentesque pulvinar pellentesque habitant morbi tristique senectus. Mauris in aliquam sem fringilla ut morbi tincidunt augue interdum. A diam sollicitudin tempor id eu nisl nunc mi. Non curabitur gravida arcu ac tortor.</p>



<p>Gravida neque convallis a cras. Eleifend quam adipiscing vitae proin. Turpis massa tincidunt dui ut ornare lectus. Id volutpat lacus laoreet non curabitur gravida. A pellentesque sit amet porttitor eget dolor morbi non arcu. Diam donec adipiscing tristique risus nec feugiat. Aliquam etiam erat velit scelerisque in. Cras tincidunt lobortis feugiat vivamus at augue eget arcu. Lobortis mattis aliquam faucibus purus in massa tempor nec feugiat. Quam vulputate dignissim suspendisse in. Tellus molestie nunc non blandit massa enim. Iaculis nunc sed augue lacus viverra vitae congue eu. Auctor eu augue ut lectus arcu bibendum at. Rhoncus dolor purus non enim. Et leo duis ut diam quam. Sapien eget mi proin sed libero enim sed faucibus. Ac tortor vitae purus faucibus ornare. In dictum non consectetur a erat nam at lectus.</p>



<p>Semper viverra nam libero justo laoreet sit. Lorem ipsum dolor sit amet consectetur adipiscing elit. Commodo viverra maecenas accumsan lacus vel. In nulla posuere sollicitudin aliquam ultrices sagittis orci. Amet nulla facilisi morbi tempus iaculis urna id volutpat. Pharetra vel turpis nunc eget lorem dolor sed viverra. Duis convallis convallis tellus id interdum velit. Elementum curabitur vitae nunc sed velit. Massa tincidunt nunc pulvinar sapien. Augue interdum velit euismod in pellentesque massa placerat duis. Sem fringilla ut morbi tincidunt augue interdum velit euismod. In tellus integer feugiat scelerisque varius morbi enim. Morbi quis commodo odio aenean. Varius morbi enim nunc faucibus a. Sodales ut etiam sit amet nisl purus in.</p>



<p>Aliquam sem et tortor consequat id porta nibh. Consectetur purus ut faucibus pulvinar. Nunc non blandit massa enim nec dui. Non tellus orci ac auctor augue mauris augue neque. Eget dolor morbi non arcu. Faucibus purus in massa tempor nec. Natoque penatibus et magnis dis parturient montes nascetur ridiculus. Scelerisque in dictum non consectetur a erat nam. Ornare quam viverra orci sagittis. Tellus mauris a diam maecenas sed enim ut sem. Leo vel fringilla est ullamcorper eget. Viverra nibh cras pulvinar mattis nunc sed. Lacus luctus accumsan tortor posuere ac ut consequat semper viverra. Elit pellentesque habitant morbi tristique senectus. A diam sollicitudin tempor id eu. Erat imperdiet sed euismod nisi porta lorem mollis aliquam. Duis at consectetur lorem donec massa sapien. Libero volutpat sed cras ornare arcu. Rhoncus mattis rhoncus urna neque viverra.</p>
]]></content:encoded>
					
					<wfw:commentRss>/quam-vulputate-dignissim-suspendisse-intellus/feed/</wfw:commentRss>
			<slash:comments>0</slash:comments>
		
		
			</item>
		<item>
		<title>Vestibulum Commodo Sapien Nonelit Vitae</title>
		<link>/vestibulum-commodo-sapien-non-elit-vitae/</link>
					<comments>/vestibulum-commodo-sapien-non-elit-vitae/#respond</comments>
		
		<dc:creator><![CDATA[domecesarano]]></dc:creator>
		<pubDate>Fri, 04 Jun 2021 07:39:40 +0000</pubDate>
				<category><![CDATA[VFX]]></category>
		<guid isPermaLink="false">https://demo.creativethemes.com/blocksy/persona/?p=218</guid>

					<description><![CDATA[Lorem ipsum dolor sit amet, consectetur adipiscing elit, sed do eiusmod tempor incididunt ut labore et dolore magna aliqua. Fames ac turpis egestas maecenas pharetra convallis. Eu scelerisque felis imperdiet proin fermentum leo vel orci porta. Sit amet nisl suscipit adipiscing bibendum. Maecenas volutpat blandit aliquam etiam erat. Consequat semper viverra nam libero justo laoreet [&#8230;]]]></description>
										<content:encoded><![CDATA[
<p>Lorem ipsum dolor sit amet, consectetur adipiscing elit, sed do eiusmod tempor incididunt ut labore et dolore magna aliqua. Fames ac turpis egestas maecenas pharetra convallis. Eu scelerisque felis imperdiet proin fermentum leo vel orci porta. Sit amet nisl suscipit adipiscing bibendum. Maecenas volutpat blandit aliquam etiam erat. Consequat semper viverra nam libero justo laoreet sit amet cursus. Mauris commodo quis imperdiet massa tincidunt nunc. Sit amet dictum sit amet justo donec. Eu non diam phasellus vestibulum lorem sed risus ultricies tristique. Varius vel pharetra vel turpis nunc eget lorem dolor sed. Consectetur libero id faucibus nisl tincidunt eget. Dictumst quisque sagittis purus sit amet volutpat consequat mauris. Eu non diam phasellus vestibulum lorem sed risus ultricies. Egestas quis ipsum suspendisse ultrices gravida dictum fusce ut placerat. Nullam eget felis eget nunc lobortis mattis aliquam faucibus purus. Massa id neque aliquam vestibulum morbi blandit. Nisl condimentum id venenatis a condimentum vitae sapien pellentesque. In arcu cursus euismod quis viverra nibh.</p>



<p>Duis at tellus at urna condimentum mattis pellentesque. Dis parturient montes nascetur ridiculus mus mauris. Massa id neque aliquam vestibulum morbi. Velit euismod in pellentesque massa placerat. Auctor elit sed vulputate mi. Leo integer malesuada nunc vel risus commodo viverra. Pharetra magna ac placerat vestibulum lectus mauris ultrices eros in. Natoque penatibus et magnis dis parturient montes nascetur ridiculus. Enim ut sem viverra aliquet eget sit amet. Ultrices sagittis orci a scelerisque purus semper eget duis at. Pellentesque eu tincidunt tortor aliquam nulla facilisi. Ultricies mi quis hendrerit dolor magna eget est.</p>



<p>Volutpat diam ut venenatis tellus in. A lacus vestibulum sed arcu. Dignissim enim sit amet venenatis. Cursus metus aliquam eleifend mi in nulla posuere sollicitudin. Facilisi morbi tempus iaculis urna id volutpat. Placerat vestibulum lectus mauris ultrices eros. Sed elementum tempus egestas sed. Interdum velit euismod in pellentesque massa placerat duis ultricies. Vitae purus faucibus ornare suspendisse sed. In est ante in nibh mauris cursus mattis molestie.</p>



<p>Interdum velit laoreet id donec. Elit eget gravida cum sociis natoque penatibus et magnis dis. Euismod lacinia at quis risus sed vulputate odio ut. Turpis in eu mi bibendum neque egestas congue quisque egestas. Mattis aliquam faucibus purus in. Egestas diam in arcu cursus euismod. Erat nam at lectus urna duis convallis convallis tellus. Ullamcorper eget nulla facilisi etiam dignissim diam. Imperdiet proin fermentum leo vel orci. Malesuada fames ac turpis egestas sed. Adipiscing diam donec adipiscing tristique risus nec feugiat in.</p>



<p>A erat nam at lectus. Feugiat scelerisque varius morbi enim nunc faucibus a pellentesque. Vehicula ipsum a arcu cursus vitae congue mauris rhoncus. Id nibh tortor id aliquet lectus proin nibh nisl condimentum. Cras pulvinar mattis nunc sed blandit. Integer feugiat scelerisque varius morbi enim nunc faucibus a. Enim blandit volutpat maecenas volutpat blandit aliquam. Nam at lectus urna duis convallis convallis tellus. Semper feugiat nibh sed pulvinar proin. Nisi lacus sed viverra tellus in hac habitasse platea.</p>
]]></content:encoded>
					
					<wfw:commentRss>/vestibulum-commodo-sapien-non-elit-vitae/feed/</wfw:commentRss>
			<slash:comments>0</slash:comments>
		
		
			</item>
	</channel>
</rss>
