<?xml version="1.0" encoding="UTF-8"?><rss version="2.0"
	xmlns:content="http://purl.org/rss/1.0/modules/content/"
	xmlns:dc="http://purl.org/dc/elements/1.1/"
	xmlns:atom="http://www.w3.org/2005/Atom"
	xmlns:sy="http://purl.org/rss/1.0/modules/syndication/"
	
	>
<channel>
	<title>
	Comments on: Duis Mauris Augue Efficitur Posuere Dignissim Neque	</title>
	<atom:link href="/duis-mauris-augue-efficitur-posuere-dignissim-neque/feed/" rel="self" type="application/rss+xml" />
	<link>/duis-mauris-augue-efficitur-posuere-dignissim-neque/</link>
	<description>domenicocesarano.com</description>
	<lastBuildDate>Wed, 02 Jun 2021 22:52:55 +0000</lastBuildDate>
	<sy:updatePeriod>
	hourly	</sy:updatePeriod>
	<sy:updateFrequency>
	1	</sy:updateFrequency>
	<generator>https://wordpress.org/?v=6.2.2</generator>
	<item>
		<title>
		By: A WordPress Commenter		</title>
		<link>/duis-mauris-augue-efficitur-posuere-dignissim-neque/#comment-2</link>

		<dc:creator><![CDATA[A WordPress Commenter]]></dc:creator>
		<pubDate>Wed, 02 Jun 2021 22:52:55 +0000</pubDate>
		<guid isPermaLink="false">https://demo.creativethemes.com/blocksy/persona/?p=1#comment-2</guid>

					<description><![CDATA[Hi, this is a comment.
To get started with moderating, editing, and deleting comments, please visit the Comments screen in the dashboard.
Commenter avatars come from &lt;a href=&quot;https://gravatar.com&quot;/ rel=&quot;nofollow ugc&quot;&gt;Gravatar&lt;/a&gt;.]]></description>
			<content:encoded><![CDATA[<p>Hi, this is a comment.<br />
To get started with moderating, editing, and deleting comments, please visit the Comments screen in the dashboard.<br />
Commenter avatars come from <a href="https://gravatar.com/" rel="nofollow ugc">Gravatar</a>.</p>
]]></content:encoded>
		
			</item>
	</channel>
</rss>
