<?xml version="1.0" encoding="UTF-8"?><rss version="2.0"
	xmlns:content="http://purl.org/rss/1.0/modules/content/"
	xmlns:dc="http://purl.org/dc/elements/1.1/"
	xmlns:atom="http://www.w3.org/2005/Atom"
	xmlns:sy="http://purl.org/rss/1.0/modules/syndication/"
	
	>
<channel>
	<title>
	Comments on: Vestibulum Commodo Sapien Nonelit Vitae	</title>
	<atom:link href="/vestibulum-commodo-sapien-non-elit-vitae/feed/" rel="self" type="application/rss+xml" />
	<link>/vestibulum-commodo-sapien-non-elit-vitae/</link>
	<description>domenicocesarano.com</description>
	<lastBuildDate>Fri, 04 Jun 2021 07:39:40 +0000</lastBuildDate>
	<sy:updatePeriod>
	hourly	</sy:updatePeriod>
	<sy:updateFrequency>
	1	</sy:updateFrequency>
	<generator>https://wordpress.org/?v=6.2.2</generator>
</channel>
</rss>
